# Defining what the entries and numbers are. Change if something overwrites something in your database

SET @TELENPC := 300000; -- # (1)
SET @GOPTION := 30000; -- # (9)
SET @GMENU := @GOPTION; -- # (9) Changes as Goption changes
SET @GSCRIPT := 30000; -- # (130)
SET @NPCTXT := 300000; -- # (5)

# Delete code (For re running)

DELETE FROM creature_template WHERE entry=@TELENPC;
DELETE FROM gossip_menu WHERE entry=@GMENU OR entry=@GMENU+1 OR entry=@GMENU+2 OR entry=@GMENU+3 OR entry=@GMENU+4 OR entry=@GMENU+5 OR entry=@GMENU+6 OR entry=@GMENU+7 OR entry=@GMENU+8;
DELETE FROM gossip_menu_option WHERE menu_id=@GOPTION OR menu_id=@GOPTION+1 OR menu_id=@GOPTION+2 OR menu_id=@GOPTION+3 OR menu_id=@GOPTION+4 OR menu_id=@GOPTION+5 OR menu_id=@GOPTION+6 OR menu_id=@GOPTION+7 OR menu_id=@GOPTION+8;
DELETE FROM smart_scripts WHERE entryorguid = '@GSCRIPT';
DELETE FROM npc_text WHERE ID=@NPCTXT OR ID=@NPCTXT+1 OR ID=@NPCTXT+2 OR ID=@NPCTXT+3 OR ID=@NPCTXT+4;
DELETE FROM conditions WHERE SourceTypeOrReferenceId=15 AND SourceGroup>=@GOPTION AND SourceGroup<=@GOPTION+6 AND ConditionTypeOrReference=6 AND (ConditionValue1=469 OR ConditionValue1=67);
DELETE FROM conditions WHERE SourceTypeOrReferenceId=14 AND SourceGroup=@GMENU AND (SourceEntry=@NPCTXT+1 OR SourceEntry=@NPCTXT) AND ConditionTypeOrReference=6 AND (ConditionValue1=469 OR ConditionValue1=67);

# TeleNPC

INSERT INTO creature_template (entry,difficulty_entry_1,modelid1,name,IconName,gossip_menu_id,minlevel,maxlevel,Health_mod,Mana_mod,Armor_mod,faction_A,faction_H,npcflag,speed_walk,speed_run,scale,rank,dmg_multiplier,unit_class,unit_flags,type,type_flags,AIName,InhabitType,RegenHealth,flags_extra) 
VALUES (@TELENPC,21563,21572,'Portal Master','Directions',@GMENU,71,71,1.56,1.56,1.56,35,35,3,1,1.14286,1.25,1,1,1,2,7,138936390,'SmartAI',3,1,2);

# Linking texts to the menus

INSERT INTO gossip_menu (entry, text_id) 
VALUES (@GMENU+4, @NPCTXT+3),
(@GMENU+3, @NPCTXT+2),
(@GMENU+2, @NPCTXT+2),
(@GMENU+1, @NPCTXT+2),
(@GMENU+8, @NPCTXT+4),
(@GMENU+7, @NPCTXT+4),
(@GMENU+6, @NPCTXT+4),
(@GMENU+5, @NPCTXT+4),
(@GMENU, @NPCTXT+1),
(@GMENU, @NPCTXT);

# Gossip and gossip menu conditions

INSERT INTO `conditions` VALUES ('15', '30000', '1', '0', '0', '6', '0', '469', '0', '0', '0', '0', '0', '', 'Stormwind'),
('15', '30005', '2', '0', '0', '6', '0', '67', '0', '0', '0', '0', '0', '', 'Dun Morogh'),
('15', '30005', '3', '0', '0', '6', '0', '469', '0', '0', '0', '0', '0', '', 'Tirisfal Glades'),
('15', '30005', '4', '0', '0', '6', '0', '67', '0', '0', '0', '0', '0', '', 'Ghostlands'),
('15', '30005', '5', '0', '0', '6', '0', '67', '0', '0', '0', '0', '0', '', 'Loch modan'),
('15', '30005', '6', '0', '0', '6', '0', '469', '0', '0', '0', '0', '0', '', 'Silverpine Forest'),
('15', '30005', '7', '0', '0', '6', '0', '67', '0', '0', '0', '0', '0', '', 'Westfall'),
('15', '30005', '8', '0', '0', '6', '0', '469', '0', '0', '0', '0', '0', '', 'Redridge mountains'),
('15', '30005', '9', '0', '0', '6', '0', '469', '0', '0', '0', '0', '0', '', 'Duskwood'),
('15', '30005', '10', '0', '0', '6', '0', '469', '0', '0', '0', '0', '0', '', null),
('15', '30006', '0', '0', '0', '6', '0', '469', '0', '0', '0', '0', '0', '', 'Azuremyst Isle'),
('15', '30006', '1', '0', '0', '6', '0', '469', '0', '0', '0', '0', '0', '', 'Teldrassil'),
('15', '30006', '2', '0', '0', '6', '0', '469', '0', '0', '0', '0', '0', '', 'Durotar'),
('15', '30006', '3', '0', '0', '6', '0', '67', '0', '0', '0', '0', '0', '', 'Mulgore'),
('15', '30006', '4', '0', '0', '6', '0', '67', '0', '0', '0', '0', '0', '', 'Bloodmyst Isle'),
('15', '30006', '5', '0', '0', '6', '0', '469', '0', '0', '0', '0', '0', '', 'Darkshore'),
('15', '30006', '6', '0', '0', '6', '0', '67', '0', '0', '0', '0', '0', '', 'The Barrens'),
('15', '30005', '1', '0', '0', '6', '0', '469', '0', '0', '0', '0', '0', '', 'Eversong Woods'),
('15', '30004', '22', '0', '0', '6', '0', '67', '0', '0', '0', '0', '0', '', 'Zul\'Aman'),
('15', '30000', '2', '0', '0', '6', '0', '67', '0', '0', '0', '0', '0', '', 'Orgrimmar'),
('15', '30000', '9', '0', '0', '6', '0', '469', '0', '0', '0', '0', '0', '', 'Darnassus'),
('15', '30000', '11', '0', '0', '6', '0', '469', '0', '0', '0', '0', '0', '', 'Ironforge'),
('15', '30000', '13', '0', '0', '6', '0', '67', '0', '0', '0', '0', '0', '', 'Exodar'),
('15', '30000', '12', '0', '0', '6', '0', '67', '0', '0', '0', '0', '0', '', null),
('15', '30000', '8', '0', '0', '6', '0', '67', '0', '0', '0', '0', '0', '', 'Silvermoon city'),
('15', '30001', '1', '0', '0', '6', '0', '469', '0', '0', '0', '0', '0', '', 'The Deadmines'),
('15', '30001', '2', '0', '0', '6', '0', '469', '0', '0', '0', '0', '0', '', 'The Stockade'),
('15', '30001', '3', '0', '0', '6', '0', '67', '0', '0', '0', '0', '0', '', 'Ragefire Chasm'),
('15', '30001', '4', '0', '0', '6', '0', '67', '0', '0', '0', '0', '0', '', 'Razorfen Downs'),
('15', '30001', '5', '0', '0', '6', '0', '67', '0', '0', '0', '0', '0', '', 'Razorfen Kraul'),
('15', '30001', '6', '0', '0', '6', '0', '67', '0', '0', '0', '0', '0', '', 'Scarlet Monastery'),
('15', '30001', '7', '0', '0', '6', '0', '67', '0', '0', '0', '0', '0', '', 'Shadowfang Keep'),
('15', '30001', '8', '0', '0', '6', '0', '67', '0', '0', '0', '0', '0', '', 'Wailing Caverns'),
('15', '30006', '7', '0', '0', '6', '0', '67', '0', '0', '0', '0', '0', '', 'Thousand Needles'),
('14', '30000', '300001', '0', '0', '6', '0', '469', '0', '0', '0', '0', '0', '', 'For the Alliance'),
('14', '30000', '300000', '0', '0', '6', '0', '67', '0', '0', '0', '0', '0', '', 'For the Horde'),
('15', '30000', '10', '0', '0', '6', '0', '469', '0', '0', '0', '0', '0', '', 'Стальгорн');

# Gossip options


INSERT INTO `gossip_menu_option` VALUES ('30000', '1', '2', 'Штормград  ', '1', '1', '30000', '0', '0', '0', 'Are you sure,that you want to go to Stormwind?'),
('30000', '2', '2', 'Оргриммар  ', '1', '1', '30000', '0', '0', '0', 'Are you sure,that you want to go to Orgrimmar?'),
('30000', '3', '2', 'Пиратская Бухта ', '1', '1', '30000', '0', '0', '0', 'Are you sure,that you want to go to Booty bay?'),
('30000', '4', '2', 'Шаттрат', '1', '1', '30000', '0', '0', '0', 'Are you sure,that you want to go to Shattrath?'),
('30000', '13', '2', 'Подгород  ', '1', '1', '30000', '0', '0', '0', 'Are you sure,that you want to go to Undercity?'),
('30000', '6', '2', 'Даларан', '1', '1', '30000', '0', '0', '0', 'Are you sure,that you want to go to Dalaran?'),
('30000', '7', '2', 'Арена Гурубаши', '1', '1', '30000', '0', '0', '0', 'Are you sure,that you want to go to Arena?'),
('30000', '8', '2', 'Луносвет ', '1', '1', '30000', '0', '0', '0', 'Are you sure,that you want to go to Silvermoon city?'),
('30000', '9', '2', 'Дарнас ', '1', '1', '30000', '0', '0', '0', 'Are you sure,that you want to go to Darnassus?'),
('30000', '10', '2', 'Стальгорн  ', '1', '1', '30000', '0', '0', '0', 'Are you sure,that you want to go to ?'),
('30000', '11', '2', 'Экзодар ', '1', '1', '30000', '0', '0', '0', 'Are you sure,that you want to go to Exodar?'),
('30000', '12', '2', 'Громовой Утес  ', '1', '1', '30000', '0', '0', '0', 'Are you sure,that you want to go to Ironforge?'),
('30000', '15', '3', 'Восточные Королевства', '1', '1', '30005', '0', '0', '0', null),
('30000', '14', '3', 'Калимдор', '1', '1', '30006', '0', '0', '0', null),
('30000', '16', '3', 'Запределье', '1', '1', '30007', '0', '0', '0', null),
('30000', '17', '3', 'Нордскол', '1', '1', '30008', '0', '0', '0', null),
('30000', '18', '9', 'Classic - подземелья', '1', '1', '30001', '0', '0', '0', null),
('30000', '19', '9', 'BC - подземелья', '1', '1', '30002', '0', '0', '0', null),
('30000', '20', '9', 'WotLK - подземелья', '1', '1', '30003', '0', '0', '0', null),
('30000', '21', '9', 'Raid - подземелья', '1', '1', '30004', '0', '0', '0', null),
('30001', '19', '2', 'Гномереган', '1', '1', '0', '0', '0', '0', 'Are you sure,that you want to go to Gnomeregan?'),
('30001', '1', '2', 'Мертвые копи', '1', '1', '0', '0', '0', '0', 'Are you sure,that you want to go to The Deadmines?'),
('30001', '2', '2', 'Тюрьма Штормграда', '1', '1', '0', '0', '0', '0', 'Are you sure,that you want to go to The Stockade?'),
('30001', '3', '2', 'Расселина Теней', '1', '1', '0', '0', '0', '0', 'Are you sure,that you want to go to Ragefire Chasm?'),
('30001', '4', '2', 'Курганы Иглошкурых', '1', '1', '0', '0', '0', '0', 'Are you sure,that you want to go to Razorfen Downs?'),
('30001', '5', '2', 'Лабиринты Иглошкурых', '1', '1', '0', '0', '0', '0', 'Are you sure,that you want to go to Razorfen Kraul?'),
('30001', '6', '2', 'Монастырь Алого Ордена', '1', '1', '0', '0', '0', '0', 'Are you sure,that you want to go to Scarlet Monastery?'),
('30001', '7', '2', 'Крепость Темного Клыка', '1', '1', '0', '0', '0', '0', 'Are you sure,that you want to go to Shadowfang Keep?'),
('30001', '8', '2', 'Пещеры стенаний', '1', '1', '0', '0', '0', '0', 'Are you sure,that you want to go to Wailing Caverns?'),
('30001', '9', '2', 'Непроглядная Пучина', '1', '1', '0', '0', '0', '0', 'Are you sure,that you want to go to Blackfathom Deeps?'),
('30001', '10', '2', 'Глубины Черной Горы', '1', '1', '0', '0', '0', '0', 'Are you sure,that you want to go to Blackrock Depths?'),
('30001', '11', '2', 'Вершина Черной Горы', '1', '1', '0', '0', '0', '0', 'Are you sure,that you want to go to Blackrock Spire?'),
('30001', '12', '2', 'Забытый Город', '1', '1', '0', '0', '0', '0', 'Are you sure,that you want to go to Dire Maul?'),
('30001', '13', '2', 'Мародон', '1', '1', '0', '0', '0', '0', 'Are you sure,that you want to go to Maraudon?'),
('30001', '14', '2', 'Некроситет', '1', '1', '0', '0', '0', '0', 'Are you sure,that you want to go to Scholomance?'),
('30001', '15', '2', 'Стратхольм', '1', '1', '0', '0', '0', '0', 'Are you sure,that you want to go to Stratholme?'),
('30001', '16', '2', 'Храм Атал\'Хаккара', '1', '1', '0', '0', '0', '0', 'Are you sure,that you want to go to Sunken Temple?'),
('30001', '17', '2', 'Ульдаман', '1', '1', '0', '0', '0', '0', 'Are you sure,that you want to go to Uldaman?'),
('30001', '18', '2', 'Зул\'Фаррак', '1', '1', '0', '0', '0', '0', 'Are you sure,that you want to go to Zul\'Farrak?'),
('30001', '20', '7', 'Назад...', '1', '1', '30000', '0', '0', '0', null),
('30002', '1', '2', 'Аукиндон', '1', '1', '0', '0', '0', '0', 'Are you sure,that you want to go to Auchindoun?'),
('30002', '2', '2', 'Пещеры Времени', '1', '1', '0', '0', '0', '0', 'Are you sure,that you want to go to Caverns of Time?'),
('30002', '3', '2', 'Резервуар Кривого Клыка', '1', '1', '0', '0', '0', '0', 'Are you sure,that you want to go to Coilfang Reservoir?'),
('30002', '4', '2', 'Цитадель Адского Пламени', '1', '1', '0', '0', '0', '0', 'Are you sure,that you want to go to Hellfire Citadel?'),
('30002', '5', '2', 'Терраса Магистров', '1', '1', '0', '0', '0', '0', 'Are you sure,that you want to go to Magisters\' Terrace?'),
('30002', '6', '2', 'Крепость Бурь', '1', '1', '0', '0', '0', '0', 'Are you sure,that you want to go to Tempest Keep?'),
('30002', '7', '7', 'Назад...', '1', '1', '30000', '0', '0', '0', null),
('30003', '1', '2', 'Азжол - Неруб', '1', '1', '0', '0', '0', '0', 'Are you sure,that you want to go to Azjol-Nerub?'),
('30003', '2', '2', 'Очищение Стратхольма', '1', '1', '0', '0', '0', '0', 'Are you sure,that you want to go to The Culling of Stratholme?'),
('30003', '3', '2', 'Испытание Чемпиона', '1', '1', '0', '0', '0', '0', 'Are you sure,that you want to go to Trial of the Champion?'),
('30003', '4', '2', 'Драк\'Тарон', '1', '1', '0', '0', '0', '0', 'Are you sure,that you want to go to Drak\'Tharon Keep?'),
('30003', '5', '2', 'Гундурак', '1', '1', '0', '0', '0', '0', 'Are you sure,that you want to go to Gundrak?'),
('30003', '6', '2', 'ЦЛК: Ледяные Залы', '1', '1', '0', '0', '0', '0', 'Are you sure,that you want to go to Icecrown Citadel Dungeons?'),
('30003', '7', '2', 'Нексус', '1', '1', '0', '0', '0', '0', 'Are you sure,that you want to go to The Nexus Dungeons?'),
('30003', '8', '2', 'Аметистовая Крепость', '1', '1', '0', '0', '0', '0', 'Are you sure,that you want to go to The Violet Hold?'),
('30003', '9', '2', 'Чертоги Молний', '1', '1', '0', '0', '0', '0', 'Are you sure,that you want to go to Halls of Lightning?'),
('30003', '10', '2', 'Чертоги Камня', '1', '1', '0', '0', '0', '0', 'Are you sure,that you want to go to Halls of Stone?'),
('30003', '11', '2', 'Крепость Утгард', '1', '1', '0', '0', '0', '0', 'Are you sure,that you want to go to Utgarde Keep?'),
('30003', '12', '2', 'Вершина Утгард', '1', '1', '0', '0', '0', '0', 'Are you sure,that you want to go to Utgarde Pinnacle?'),
('30003', '13', '7', 'Назад...', '1', '1', '30000', '0', '0', '0', null),
('30004', '1', '2', 'Черный Храм', '1', '1', '0', '0', '0', '0', 'Are you sure,that you want to go to Black Temple?'),
('30004', '2', '2', 'Стадион Черной Горы', '1', '1', '0', '0', '0', '0', 'Are you sure,that you want to go to Blackwing Lair?'),
('30004', '3', '2', 'Хиджал', '1', '1', '0', '0', '0', '0', 'Are you sure,that you want to go to Hyjal Summit?'),
('30004', '4', '2', 'Змеиное Святилище', '1', '1', '0', '0', '0', '0', 'Are you sure,that you want to go to Serpentshrine Cavern?'),
('30004', '5', '2', 'Испытание Крестоносца', '1', '1', '0', '0', '0', '0', 'Are you sure,that you want to go to Trial of the Crusader?'),
('30004', '6', '2', 'Логово Груула', '1', '1', '0', '0', '0', '0', 'Are you sure,that you want to go to Gruul\'s Lair?'),
('30004', '7', '2', 'Логово Магтеридона', '1', '1', '0', '0', '0', '0', 'Are you sure,that you want to go to Magtheridon\'s Lair?'),
('30004', '8', '2', 'Цитадель Ледяной Короны', '1', '1', '0', '0', '0', '0', 'Are you sure,that you want to go to Icecrown Citadel?'),
('30004', '9', '2', 'Каражан', '1', '1', '0', '0', '0', '0', 'Are you sure,that you want to go to Karazhan?'),
('30004', '10', '2', 'Огненные Недра', '1', '1', '0', '0', '0', '0', 'Are you sure,that you want to go to Molten Core?'),
('30004', '11', '2', 'Наксарамас', '1', '1', '0', '0', '0', '0', 'Are you sure,that you want to go to Naxxramas?'),
('30004', '12', '2', 'Логово Ониксии', '1', '1', '0', '0', '0', '0', 'Are you sure,that you want to go to Onyxia\'s Lair?'),
('30004', '13', '2', 'Руины Ан\'Киража', '1', '1', '0', '0', '0', '0', 'Are you sure,that you want to go to Ruins of Ahn\'Qiraj?'),
('30004', '14', '2', 'Плато Солнечного Колодца', '1', '1', '0', '0', '0', '0', 'Are you sure,that you want to go to Sunwell Plateau?'),
('30004', '15', '2', 'Крепость Бурь', '1', '1', '0', '0', '0', '0', 'Are you sure,that you want to go to The Eye?'),
('30004', '16', '2', 'Ан\'Кираж', '1', '1', '0', '0', '0', '0', 'Are you sure,that you want to go to Temple of Ahn\'Qiraj?'),
('30004', '17', '2', 'Нексус', '1', '1', '0', '0', '0', '0', 'Are you sure,that you want to go to The Eye of Eternity?'),
('30004', '18', '2', 'Обсидиановое Святилище', '1', '1', '0', '0', '0', '0', 'Are you sure,that you want to go to The Obsidian Sanctum?'),
('30004', '19', '2', 'Ульдуар', '1', '1', '0', '0', '0', '0', 'Are you sure,that you want to go to Ulduar?'),
('30004', '20', '2', 'Склеп Аркавона', '1', '1', '0', '0', '0', '0', 'Are you sure,that you want to go to Vault of Archavon?'),
('30004', '21', '2', 'Зул\'Гуруб', '1', '1', '0', '0', '0', '0', 'Are you sure,that you want to go to Zul\'Gurub?'),
('30004', '22', '2', 'Зул\'Аман', '1', '1', '0', '0', '0', '0', 'Are you sure,that you want to go to Zul\'Aman?'),
('30004', '23', '7', 'Назад...', '1', '1', '30000', '0', '0', '0', null),
('30005', '1', '2', 'Элвиннский Лес ', '1', '1', '0', '0', '0', '0', 'Are you sure,that you want to go to Elwynn Forest?'),
('30005', '2', '2', 'Леса вечной Песни', '1', '1', '0', '0', '0', '0', 'Are you sure,that you want to go to Eversong Woods?'),
('30005', '3', '2', 'Дун Морог ', '1', '1', '0', '0', '0', '0', 'Are you sure,that you want to go to Dun Morogh?'),
('30005', '4', '2', 'Тирисфальские леса', '1', '1', '0', '0', '0', '0', 'Are you sure,that you want to go to Tirisfal Glades?'),
('30005', '5', '2', 'Призрачные Земли ', '1', '1', '0', '0', '0', '0', 'Are you sure,that you want to go to Ghostlands?'),
('30005', '6', '2', 'Лок Модан ', '1', '1', '0', '0', '0', '0', 'Are you sure,that you want to go to Loch modan?'),
('30005', '7', '2', 'Серебрянный Бор ', '1', '1', '0', '0', '0', '0', 'Are you sure,that you want to go to Silverpine Forest?'),
('30005', '8', '2', 'Западный Край ', '1', '1', '0', '0', '0', '0', 'Are you sure,that you want to go to Westfall?'),
('30005', '9', '2', 'Красногорье ', '1', '1', '0', '0', '0', '0', 'Are you sure,that you want to go to Redridge mountains?'),
('30005', '10', '2', 'Сумеречный Лес ', '1', '1', '0', '0', '0', '0', 'Are you sure,that you want to go to Duskwood?'),
('30005', '11', '2', 'Предгорья Хилбрада', '1', '1', '0', '0', '0', '0', 'Are you sure,that you want to go to Hillsbrad Foothills?'),
('30005', '12', '2', 'Болотина', '1', '1', '0', '0', '0', '0', 'Are you sure,that you want to go to Wetlands?'),
('30005', '13', '2', 'Альтеракские Горы', '1', '1', '0', '0', '0', '0', 'Are you sure,that you want to go to Alterac Mountains?'),
('30005', '14', '2', 'Нагорье Арати', '1', '1', '0', '0', '0', '0', 'Are you sure,that you want to go to Arathi Highlands?'),
('30005', '15', '2', 'Тернистая Долина', '1', '1', '0', '0', '0', '0', 'Are you sure,that you want to go to Stranglethorn Vale?'),
('30005', '16', '2', 'Бесплодные Земли', '1', '1', '0', '0', '0', '0', 'Are you sure,that you want to go to Badlands?'),
('30005', '17', '2', 'Болото Печали', '1', '1', '0', '0', '0', '0', 'Are you sure,that you want to go to Swamp of Sorrows?'),
('30005', '18', '2', 'Внутренние земли', '1', '1', '0', '0', '0', '0', 'Are you sure,that you want to go to The Hinterlands?'),
('30005', '19', '2', 'Тлеющее Ущелье', '1', '1', '0', '0', '0', '0', 'Are you sure,that you want to go to Searing Gorge?'),
('30005', '20', '2', 'Выжженные земли', '1', '1', '0', '0', '0', '0', 'Are you sure,that you want to go to The Blasted Lands?'),
('30005', '21', '2', 'Пылающие степи', '1', '1', '0', '0', '0', '0', 'Are you sure,that you want to go to Burning Steppes?'),
('30005', '22', '2', 'Западные Чумные Земли', '1', '1', '0', '0', '0', '0', 'Are you sure,that you want to go to Western Plaguelands?'),
('30005', '23', '2', 'Восточные Чумные Земли', '1', '1', '0', '0', '0', '0', 'Are you sure,that you want to go to Eastern Plaguelands?'),
('30005', '24', '2', 'Остров Кель\'Данас', '1', '1', '0', '0', '0', '0', 'Are you sure,that you want to go to Isle of Quel\'Danas?'),
('30005', '25', '7', 'Назад...', '1', '1', '30000', '0', '0', '0', null),
('30006', '1', '2', 'Остров Лазурной Дымки ', '1', '1', '0', '0', '0', '0', 'Are you sure,that you want to go to Azuremyst Isle?'),
('30006', '2', '2', 'Тельдрассил ', '1', '1', '0', '0', '0', '0', 'Are you sure,that you want to go to Teldrassil?'),
('30006', '3', '2', 'Дуротар ', '1', '1', '0', '0', '0', '0', 'Are you sure,that you want to go to Durotar?'),
('30006', '4', '2', 'Мулгор', '1', '1', '0', '0', '0', '0', 'Are you sure,that you want to go to Mulgore?'),
('30006', '5', '2', 'Остров Кровавой Дымки', '1', '1', '0', '0', '0', '0', 'Are you sure,that you want to go to Bloodmyst Isle?'),
('30006', '6', '2', 'Темные Берега', '1', '1', '0', '0', '0', '0', 'Are you sure,that you want to go to Darkshore?'),
('30006', '7', '2', 'Перекресток', '1', '1', '0', '0', '0', '0', 'Are you sure,that you want to go to The Barrens?'),
('30006', '8', '2', 'Когтистые Горы', '1', '1', '0', '0', '0', '0', 'Are you sure,that you want to go to Stonetalon Mountains?'),
('30006', '9', '2', 'Ясеневый лес', '1', '1', '0', '0', '0', '0', 'Are you sure,that you want to go to Ashenvale Forest?'),
('30006', '10', '2', 'Тысяча Игл', '1', '1', '0', '0', '0', '0', 'Are you sure,that you want to go to Thousand Needles?'),
('30006', '11', '2', 'Пустоши', '1', '1', '0', '0', '0', '0', 'Are you sure,that you want to go to Desolace?'),
('30006', '12', '2', 'Пылевые топи', '1', '1', '0', '0', '0', '0', 'Are you sure,that you want to go to Dustwallow Marsh?'),
('30006', '13', '2', 'Фералас', '1', '1', '0', '0', '0', '0', 'Are you sure,that you want to go to Feralas?'),
('30006', '14', '2', 'Танарис', '1', '1', '0', '0', '0', '0', 'Are you sure,that you want to go to Tanaris Desert?'),
('30006', '15', '2', 'Азшара', '1', '1', '0', '0', '0', '0', 'Are you sure,that you want to go to Azshara?'),
('30006', '16', '2', 'Оскверненный лес', '1', '1', '0', '0', '0', '0', 'Are you sure,that you want to go to Felwood?'),
('30006', '17', '2', 'Кратер Ун\'Горо ', '1', '1', '0', '0', '0', '0', 'Are you sure,that you want to go to Un\'Goro Crater?'),
('30006', '18', '2', 'Силитус', '1', '1', '0', '0', '0', '0', 'Are you sure,that you want to go to Silithus?'),
('30006', '19', '2', 'Зимние Ключи', '1', '1', '0', '0', '0', '0', 'Are you sure,that you want to go to Winterspring?'),
('30006', '20', '7', 'Назад...', '1', '1', '30000', '0', '0', '0', null),
('30007', '1', '2', 'Полуостров Адского Пламени', '1', '1', '0', '0', '0', '0', 'Are you sure,that you want to go to Hellfire Peninsula?'),
('30007', '2', '2', 'Зангратопь', '1', '1', '0', '0', '0', '0', 'Are you sure,that you want to go to Zangarmarsh?'),
('30007', '3', '2', 'Лес Тероккар', '1', '1', '0', '0', '0', '0', 'Are you sure,that you want to go to Terokkar Forest?'),
('30007', '4', '2', 'Награнд', '1', '1', '0', '0', '0', '0', 'Are you sure,that you want to go to Nagrand?'),
('30007', '5', '2', 'Острогорье', '1', '1', '0', '0', '0', '0', 'Are you sure,that you want to go to Blade\'s Edge Mountains?'),
('30007', '6', '2', 'Пустоверть', '1', '1', '0', '0', '0', '0', 'Are you sure,that you want to go to Netherstorm?'),
('30007', '7', '2', 'Долина Призрачной Луны', '1', '1', '0', '0', '0', '0', 'Are you sure,that you want to go to Shadowmoon Valley?'),
('30007', '8', '7', 'Назад...', '1', '1', '30000', '0', '0', '0', null),
('30008', '1', '2', 'Борейская Тундра', '1', '1', '0', '0', '0', '0', 'Are you sure,that you want to go to Borean Tundra?'),
('30008', '2', '2', 'Ревущий фьорд', '1', '1', '0', '0', '0', '0', 'Are you sure,that you want to go to Howling Fjord?'),
('30008', '3', '2', 'Драконий Погост', '1', '1', '0', '0', '0', '0', 'Are you sure,that you want to go to Dragonblight?'),
('30008', '4', '2', 'Седые Холмы', '1', '1', '0', '0', '0', '0', 'Are you sure,that you want to go to Grizzly Hills?'),
('30008', '5', '2', 'Зул\'Драк', '1', '1', '0', '0', '0', '0', 'Are you sure,that you want to go to Zul\'Drak?'),
('30008', '6', '2', 'Низина Шолазар', '1', '1', '0', '0', '0', '0', 'Are you sure,that you want to go to Sholazar Basin?'),
('30008', '7', '2', 'Лес Хрустальной Песни', '1', '1', '0', '0', '0', '0', 'Are you sure,that you want to go to Crystalsong Forest?'),
('30008', '8', '2', 'Грозовая Гряда', '1', '1', '0', '0', '0', '0', 'Are you sure,that you want to go to Storm Peaks?'),
('30008', '9', '2', 'Ледяная Корона', '1', '1', '0', '0', '0', '0', 'Are you sure,that you want to go to Icecrown?'),
('30008', '10', '2', 'Озеро Ледяных Оков', '1', '1', '0', '0', '0', '0', 'Are you sure,that you want to go to Wintergrasp?'),
('30008', '11', '7', 'Назад...', '1', '1', '30000', '0', '0', '0', null);

# Text shown in the menus

INSERT INTO npc_text (ID, text0_0, em0_1) 
VALUES (@NPCTXT+4, '$BWhere would you like to be ported?$B', 0),
(@NPCTXT+3, '$BBe careful with choosing raids,I wont be there if you wipe.$B', 0),
(@NPCTXT+2, '$BUp for some dungeon exploring?$B', 0),
(@NPCTXT+1, '$B For The Alliance!$B', 6),
(@NPCTXT, '$B For the Horde!$B', 6);

# Porting scripts


INSERT INTO `smart_scripts` VALUES ('300000', '0', '1', '0', '62', '0', '100', '0', '30000', '1', '0', '0', '62', '0', '0', '0', '0', '0', '0', '0', '8', '0', '0', '-8842', '626', '94', '4', 'Teleporter script'),
('300000', '0', '2', '0', '62', '0', '100', '0', '30000', '2', '0', '0', '62', '1', '0', '0', '0', '0', '0', '0', '8', '0', '0', '1601', '-4379', '10', '2', 'Teleporter script'),
('300000', '0', '3', '0', '62', '0', '100', '0', '30000', '3', '0', '0', '62', '0', '0', '0', '0', '0', '0', '0', '8', '0', '0', '-14282', '553', '9', '1', 'Teleporter script'),
('300000', '0', '4', '0', '62', '0', '100', '0', '30000', '4', '0', '0', '62', '530', '0', '0', '0', '0', '0', '0', '8', '0', '0', '-1888', '5359', '-12', '4', 'Teleporter script'),
('300000', '0', '6', '0', '62', '0', '100', '0', '30000', '6', '0', '0', '62', '571', '0', '0', '0', '0', '0', '0', '8', '0', '0', '5810', '504', '658', '2', 'Teleporter script'),
('300000', '0', '7', '0', '62', '0', '100', '0', '30000', '7', '0', '0', '62', '0', '0', '0', '0', '0', '0', '0', '8', '0', '0', '-13182', '339', '43', '1', 'Teleporter script'),
('300000', '0', '9', '0', '62', '0', '100', '0', '30000', '9', '0', '0', '62', '1', '0', '0', '0', '0', '0', '0', '8', '0', '0', '9870', '2494', '1316', '3', 'Teleporter script'),
('300000', '0', '10', '0', '62', '0', '100', '0', '30000', '10', '0', '0', '62', '0', '0', '0', '0', '0', '0', '0', '8', '0', '0', '-4920', '-982', '501', '5', 'Teleporter script'),
('300000', '0', '11', '0', '62', '0', '100', '0', '30000', '11', '0', '0', '62', '530', '0', '0', '0', '0', '0', '0', '8', '0', '0', '-3865', '-11644', '-138', '6', 'Teleporter script'),
('300000', '0', '12', '0', '62', '0', '100', '0', '30000', '12', '0', '0', '62', '1', '0', '0', '0', '0', '0', '0', '8', '0', '0', '-1274', '72', '128', '3', 'Teleporter script'),
('300000', '0', '13', '0', '62', '0', '100', '0', '30000', '13', '0', '0', '62', '0', '0', '0', '0', '0', '0', '0', '8', '0', '0', '1634', '240', '-43', '6', 'Teleporter script'),
('300000', '0', '14', '0', '62', '0', '100', '0', '30000', '8', '0', '0', '62', '530', '0', '0', '0', '0', '0', '0', '8', '0', '0', '9738', '-7454', '14', '0', 'Teleporter script'),
('300000', '0', '19', '0', '62', '0', '100', '0', '30001', '19', '0', '0', '62', '0', '0', '0', '0', '0', '0', '0', '8', '0', '0', '-5164', '925', '257', '2', 'Teleporter script'),
('300000', '0', '8', '0', '62', '0', '100', '0', '30001', '1', '0', '0', '62', '0', '0', '0', '0', '0', '0', '0', '8', '0', '0', '-11210', '1667', '25', '1', 'Teleporter script'),
('300000', '0', '17', '0', '62', '0', '100', '0', '30001', '2', '0', '0', '62', '0', '0', '0', '0', '0', '0', '0', '8', '0', '0', '-8799', '833', '98', '6', 'Teleporter script'),
('300000', '0', '18', '0', '62', '0', '100', '0', '30001', '3', '0', '0', '62', '1', '0', '0', '0', '0', '0', '0', '8', '0', '0', '1812', '-4411', '-18', '5', 'Teleporter script'),
('300000', '0', '15', '0', '62', '0', '100', '0', '30001', '4', '0', '0', '62', '1', '0', '0', '0', '0', '0', '0', '8', '0', '0', '-4657', '-2519', '81', '5', 'Teleporter script'),
('300000', '0', '20', '0', '62', '0', '100', '0', '30001', '5', '0', '0', '62', '1', '0', '0', '0', '0', '0', '0', '8', '0', '0', '-4470', '-1678', '81', '1', 'Teleporter script'),
('300000', '0', '21', '0', '62', '0', '100', '0', '30001', '6', '0', '0', '62', '0', '0', '0', '0', '0', '0', '0', '8', '0', '0', '2873', '-765', '160', '5', 'Teleporter script'),
('300000', '0', '22', '0', '62', '0', '100', '0', '30001', '7', '0', '0', '62', '0', '0', '0', '0', '0', '0', '0', '8', '0', '0', '-235', '1562', '77', '1', 'Teleporter script'),
('300000', '0', '23', '0', '62', '0', '100', '0', '30001', '8', '0', '0', '62', '1', '0', '0', '0', '0', '0', '0', '8', '0', '0', '-732', '-2218', '17', '3', 'Teleporter script'),
('300000', '0', '24', '0', '62', '0', '100', '0', '30001', '9', '0', '0', '62', '1', '0', '0', '0', '0', '0', '0', '8', '0', '0', '4250', '740', '-26', '1', 'Teleporter script'),
('300000', '0', '25', '0', '62', '0', '100', '0', '30001', '10', '0', '0', '62', '0', '0', '0', '0', '0', '0', '0', '8', '0', '0', '-7179', '-921', '166', '5', 'Teleporter script'),
('300000', '0', '26', '0', '62', '0', '100', '0', '30001', '11', '0', '0', '62', '0', '0', '0', '0', '0', '0', '0', '8', '0', '0', '-7527', '-1227', '286', '5', 'Teleporter script'),
('300000', '0', '27', '0', '62', '0', '100', '0', '30001', '12', '0', '0', '62', '1', '0', '0', '0', '0', '0', '0', '8', '0', '0', '-3520', '1119', '161', '5', 'Teleporter script'),
('300000', '0', '28', '0', '62', '0', '100', '0', '30001', '13', '0', '0', '62', '1', '0', '0', '0', '0', '0', '0', '8', '0', '0', '-1421', '2908', '137', '2', 'Teleporter script'),
('300000', '0', '29', '0', '62', '0', '100', '0', '30001', '14', '0', '0', '62', '0', '0', '0', '0', '0', '0', '0', '8', '0', '0', '1270', '-2556', '94', '1', 'Teleporter script'),
('300000', '0', '30', '0', '62', '0', '100', '0', '30001', '15', '0', '0', '62', '0', '0', '0', '0', '0', '0', '0', '8', '0', '0', '3353', '-3379', '145', '6', 'Teleporter script'),
('300000', '0', '31', '0', '62', '0', '100', '0', '30001', '16', '0', '0', '62', '0', '0', '0', '0', '0', '0', '0', '8', '0', '0', '-10178', '-3995', '-111', '6', 'Teleporter script'),
('300000', '0', '32', '0', '62', '0', '100', '0', '30001', '17', '0', '0', '62', '0', '0', '0', '0', '0', '0', '0', '8', '0', '0', '-6071', '-2955', '210', '0', 'Teleporter script'),
('300000', '0', '33', '0', '62', '0', '100', '0', '30001', '18', '0', '0', '62', '1', '0', '0', '0', '0', '0', '0', '8', '0', '0', '-6801', '-2893', '9', '0', 'Teleporter script'),
('300000', '0', '34', '0', '62', '0', '100', '0', '30002', '1', '0', '0', '62', '530', '0', '0', '0', '0', '0', '0', '8', '0', '0', '-3324', '4943', '-101', '5', 'Teleporter script'),
('300000', '0', '35', '0', '62', '0', '100', '0', '30002', '2', '0', '0', '62', '1', '0', '0', '0', '0', '0', '0', '8', '0', '0', '-8370', '-4253', '-204', '-3', 'Teleporter script'),
('300000', '0', '36', '0', '62', '0', '100', '0', '30002', '3', '0', '0', '62', '530', '0', '0', '0', '0', '0', '0', '8', '0', '0', '739', '6866', '-69', '6', 'Teleporter script'),
('300000', '0', '37', '0', '62', '0', '100', '0', '30002', '4', '0', '0', '62', '530', '0', '0', '0', '0', '0', '0', '8', '0', '0', '-347', '3090', '21', '6', 'Teleporter script'),
('300000', '0', '38', '0', '62', '0', '100', '0', '30002', '5', '0', '0', '62', '530', '0', '0', '0', '0', '0', '0', '8', '0', '0', '12885', '-7318', '66', '5', 'Teleporter script'),
('300000', '0', '39', '0', '62', '0', '100', '0', '30002', '6', '0', '0', '62', '530', '0', '0', '0', '0', '0', '0', '8', '0', '0', '3100', '1536', '190', '5', 'Teleporter script'),
('300000', '0', '40', '0', '62', '0', '100', '0', '30003', '1', '0', '0', '62', '571', '0', '0', '0', '0', '0', '0', '8', '0', '0', '3708', '2150', '37', '3', 'Teleporter script'),
('300000', '0', '41', '0', '62', '0', '100', '0', '30003', '2', '0', '0', '62', '1', '0', '0', '0', '0', '0', '0', '8', '0', '0', '-8756', '-4441', '-199', '5', 'Teleporter script'),
('300000', '0', '42', '0', '62', '0', '100', '0', '30003', '3', '0', '0', '62', '571', '0', '0', '0', '0', '0', '0', '8', '0', '0', '8591', '792', '558', '3', 'Teleporter script'),
('300000', '0', '43', '0', '62', '0', '100', '0', '30003', '4', '0', '0', '62', '571', '0', '0', '0', '0', '0', '0', '8', '0', '0', '4766', '-2038', '229', '1', 'Teleporter script'),
('300000', '0', '44', '0', '62', '0', '100', '0', '30003', '5', '0', '0', '62', '571', '0', '0', '0', '0', '0', '0', '8', '0', '0', '6722', '-4641', '451', '4', 'Teleporter script'),
('300000', '0', '45', '0', '62', '0', '100', '0', '30003', '6', '0', '0', '62', '571', '0', '0', '0', '0', '0', '0', '8', '0', '0', '5643', '2029', '798', '5', 'Teleporter script'),
('300000', '0', '46', '0', '62', '0', '100', '0', '30003', '7', '0', '0', '62', '571', '0', '0', '0', '0', '0', '0', '8', '0', '0', '3783', '6965', '105', '6', 'Teleporter script'),
('300000', '0', '47', '0', '62', '0', '100', '0', '30003', '8', '0', '0', '62', '571', '0', '0', '0', '0', '0', '0', '8', '0', '0', '5693', '503', '653', '4', 'Teleporter script'),
('300000', '0', '48', '0', '62', '0', '100', '0', '30003', '9', '0', '0', '62', '571', '0', '0', '0', '0', '0', '0', '8', '0', '0', '9137', '-1312', '1066', '5', 'Teleporter script'),
('300000', '0', '49', '0', '62', '0', '100', '0', '30003', '10', '0', '0', '62', '571', '0', '0', '0', '0', '0', '0', '8', '0', '0', '8922', '-1009', '1040', '2', 'Teleporter script'),
('300000', '0', '50', '0', '62', '0', '100', '0', '30003', '11', '0', '0', '62', '571', '0', '0', '0', '0', '0', '0', '8', '0', '0', '1203', '-4869', '41', '0', 'Teleporter script'),
('300000', '0', '51', '0', '62', '0', '100', '0', '30003', '12', '0', '0', '62', '571', '0', '0', '0', '0', '0', '0', '8', '0', '0', '1267', '-4857', '216', '3', 'Teleporter script'),
('300000', '0', '52', '0', '62', '0', '100', '0', '30004', '1', '0', '0', '62', '530', '0', '0', '0', '0', '0', '0', '8', '0', '0', '-3650', '317', '35', '3', 'Teleporter script'),
('300000', '0', '53', '0', '62', '0', '100', '0', '30004', '2', '0', '0', '62', '229', '0', '0', '0', '0', '0', '0', '8', '0', '0', '152', '-475', '117', '0', 'Teleporter script'),
('300000', '0', '54', '0', '62', '0', '100', '0', '30004', '3', '0', '0', '62', '1', '0', '0', '0', '0', '0', '0', '8', '0', '0', '-8178', '-4181', '-168', '1', 'Teleporter script'),
('300000', '0', '55', '0', '62', '0', '100', '0', '30004', '4', '0', '0', '62', '530', '0', '0', '0', '0', '0', '0', '8', '0', '0', '798', '6866', '-65', '0', 'Teleporter script'),
('300000', '0', '56', '0', '62', '0', '100', '0', '30004', '5', '0', '0', '62', '571', '0', '0', '0', '0', '0', '0', '8', '0', '0', '8516', '714', '558', '2', 'Teleporter script'),
('300000', '0', '57', '0', '62', '0', '100', '0', '30004', '6', '0', '0', '62', '530', '0', '0', '0', '0', '0', '0', '8', '0', '0', '3530', '5104', '4', '6', 'Teleporter script'),
('300000', '0', '58', '0', '62', '0', '100', '0', '30004', '7', '0', '0', '62', '530', '0', '0', '0', '0', '0', '0', '8', '0', '0', '-336', '3130', '-103', '5', 'Teleporter script'),
('300000', '0', '59', '0', '62', '0', '100', '0', '30004', '8', '0', '0', '62', '571', '0', '0', '0', '0', '0', '0', '8', '0', '0', '5855', '2102', '636', '4', 'Teleporter script'),
('300000', '0', '60', '0', '62', '0', '100', '0', '30004', '9', '0', '0', '62', '0', '0', '0', '0', '0', '0', '0', '8', '0', '0', '-11119', '-2010', '47', '1', 'Teleporter script'),
('300000', '0', '61', '0', '62', '0', '100', '0', '30004', '10', '0', '0', '62', '230', '0', '0', '0', '0', '0', '0', '8', '0', '0', '1127', '-460', '-103', '3', 'Teleporter script'),
('300000', '0', '62', '0', '62', '0', '100', '0', '30004', '11', '0', '0', '62', '571', '0', '0', '0', '0', '0', '0', '8', '0', '0', '3669', '-1262', '244', '5', 'Teleporter script'),
('300000', '0', '63', '0', '62', '0', '100', '0', '30004', '12', '0', '0', '62', '1', '0', '0', '0', '0', '0', '0', '8', '0', '0', '-4708', '-3728', '55', '4', 'Teleporter script'),
('300000', '0', '64', '0', '62', '0', '100', '0', '30004', '13', '0', '0', '62', '1', '0', '0', '0', '0', '0', '0', '8', '0', '0', '-8410', '1499', '28', '3', 'Teleporter script'),
('300000', '0', '65', '0', '62', '0', '100', '0', '30004', '14', '0', '0', '62', '530', '0', '0', '0', '0', '0', '0', '8', '0', '0', '12574', '-6775', '15', '3', 'Teleporter script'),
('300000', '0', '66', '0', '62', '0', '100', '0', '30004', '15', '0', '0', '62', '530', '0', '0', '0', '0', '0', '0', '8', '0', '0', '3088', '1382', '185', '5', 'Teleporter script'),
('300000', '0', '67', '0', '62', '0', '100', '0', '30004', '16', '0', '0', '62', '1', '0', '0', '0', '0', '0', '0', '8', '0', '0', '-8240', '1991', '129', '1', 'Teleporter script'),
('300000', '0', '68', '0', '62', '0', '100', '0', '30004', '17', '0', '0', '62', '571', '0', '0', '0', '0', '0', '0', '8', '0', '0', '3784', '7029', '161', '6', 'Teleporter script'),
('300000', '0', '69', '0', '62', '0', '100', '0', '30004', '18', '0', '0', '62', '571', '0', '0', '0', '0', '0', '0', '8', '0', '0', '3472', '265', '-120', '3', 'Teleporter script'),
('300000', '0', '70', '0', '62', '0', '100', '0', '30004', '19', '0', '0', '62', '571', '0', '0', '0', '0', '0', '0', '8', '0', '0', '9223', '-1114', '1216', '6', 'Teleporter script'),
('300000', '0', '71', '0', '62', '0', '100', '0', '30004', '20', '0', '0', '62', '571', '0', '0', '0', '0', '0', '0', '8', '0', '0', '5454', '2841', '421', '0', 'Teleporter script'),
('300000', '0', '73', '0', '62', '0', '100', '0', '30004', '21', '0', '0', '62', '0', '0', '0', '0', '0', '0', '0', '8', '0', '0', '-11917', '-1216', '92', '5', 'Teleporter script'),
('300000', '0', '74', '0', '62', '0', '100', '0', '30004', '22', '0', '0', '62', '530', '0', '0', '0', '0', '0', '0', '8', '0', '0', '6852', '-7973', '179', '5', 'Teleporter script'),
('300000', '0', '75', '0', '62', '0', '100', '0', '30005', '1', '0', '0', '62', '0', '0', '0', '0', '0', '0', '0', '8', '0', '0', '-9449', '65', '56', '3', 'Teleporter script'),
('300000', '0', '76', '0', '62', '0', '100', '0', '30005', '2', '0', '0', '62', '530', '0', '0', '0', '0', '0', '0', '8', '0', '0', '9024', '-6683', '17', '3', 'Teleporter script'),
('300000', '0', '77', '0', '62', '0', '100', '0', '30005', '3', '0', '0', '62', '0', '0', '0', '0', '0', '0', '0', '8', '0', '0', '-5604', '-483', '397', '5', 'Teleporter script'),
('300000', '0', '78', '0', '62', '0', '100', '0', '30005', '4', '0', '0', '62', '0', '0', '0', '0', '0', '0', '0', '8', '0', '0', '2275', '324', '34', '4', 'Teleporter script'),
('300000', '0', '79', '0', '62', '0', '100', '0', '30005', '5', '0', '0', '62', '530', '0', '0', '0', '0', '0', '0', '8', '0', '0', '7596', '-6820', '84', '3', 'Teleporter script'),
('300000', '0', '80', '0', '62', '0', '100', '0', '30005', '6', '0', '0', '62', '0', '0', '0', '0', '0', '0', '0', '8', '0', '0', '-5406', '-2894', '342', '5', 'Teleporter script'),
('300000', '0', '81', '0', '62', '0', '100', '0', '30005', '7', '0', '0', '62', '0', '0', '0', '0', '0', '0', '0', '8', '0', '0', '505', '1505', '125', '2', 'Teleporter script'),
('300000', '0', '82', '0', '62', '0', '100', '0', '30005', '8', '0', '0', '62', '0', '0', '0', '0', '0', '0', '0', '8', '0', '0', '-10685', '1034', '33', '6', 'Teleporter script'),
('300000', '0', '83', '0', '62', '0', '100', '0', '30005', '9', '0', '0', '62', '0', '0', '0', '0', '0', '0', '0', '8', '0', '0', '-9448', '-2271', '72', '0', 'Teleporter script'),
('300000', '0', '84', '0', '62', '0', '100', '0', '30005', '10', '0', '0', '62', '0', '0', '0', '0', '0', '0', '0', '8', '0', '0', '-10532', '-1282', '39', '2', 'Teleporter script'),
('300000', '0', '85', '0', '62', '0', '100', '0', '30005', '11', '0', '0', '62', '0', '0', '0', '0', '0', '0', '0', '8', '0', '0', '-386', '-788', '55', '1', 'Teleporter script'),
('300000', '0', '86', '0', '62', '0', '100', '0', '30005', '12', '0', '0', '62', '0', '0', '0', '0', '0', '0', '0', '8', '0', '0', '-3518', '-913', '9', '3', 'Teleporter script'),
('300000', '0', '87', '0', '62', '0', '100', '0', '30005', '13', '0', '0', '62', '0', '0', '0', '0', '0', '0', '0', '8', '0', '0', '275', '-652', '130', '1', 'Teleporter script'),
('300000', '0', '88', '0', '62', '0', '100', '0', '30005', '14', '0', '0', '62', '0', '0', '0', '0', '0', '0', '0', '8', '0', '0', '-1581', '-2704', '35', '0', 'Teleporter script'),
('300000', '0', '89', '0', '62', '0', '100', '0', '30005', '15', '0', '0', '62', '0', '0', '0', '0', '0', '0', '0', '8', '0', '0', '-11922', '-60', '40', '4', 'Teleporter script'),
('300000', '0', '90', '0', '62', '0', '100', '0', '30005', '16', '0', '0', '62', '0', '0', '0', '0', '0', '0', '0', '8', '0', '0', '-6783', '-3128', '240', '6', 'Teleporter script'),
('300000', '0', '91', '0', '62', '0', '100', '0', '30005', '17', '0', '0', '62', '0', '0', '0', '0', '0', '0', '0', '8', '0', '0', '-10369', '-2731', '22', '5', 'Teleporter script'),
('300000', '0', '92', '0', '62', '0', '100', '0', '30005', '18', '0', '0', '62', '0', '0', '0', '0', '0', '0', '0', '8', '0', '0', '112', '-3930', '136', '1', 'Teleporter script'),
('300000', '0', '93', '0', '62', '0', '100', '0', '30005', '19', '0', '0', '62', '0', '0', '0', '0', '0', '0', '0', '8', '0', '0', '-6686', '-1199', '240', '1', 'Teleporter script'),
('300000', '0', '94', '0', '62', '0', '100', '0', '30005', '20', '0', '0', '62', '0', '0', '0', '0', '0', '0', '0', '8', '0', '0', '-11185', '-3019', '7', '3', 'Teleporter script'),
('300000', '0', '95', '0', '62', '0', '100', '0', '30005', '21', '0', '0', '62', '0', '0', '0', '0', '0', '0', '0', '8', '0', '0', '-7980', '-2106', '128', '5', 'Teleporter script'),
('300000', '0', '96', '0', '62', '0', '100', '0', '30005', '22', '0', '0', '62', '0', '0', '0', '0', '0', '0', '0', '8', '0', '0', '1744', '-1724', '60', '5', 'Teleporter script'),
('300000', '0', '97', '0', '62', '0', '100', '0', '30005', '23', '0', '0', '62', '0', '0', '0', '0', '0', '0', '0', '8', '0', '0', '2281', '-5275', '82', '5', 'Teleporter script'),
('300000', '0', '98', '0', '62', '0', '100', '0', '30005', '24', '0', '0', '62', '530', '0', '0', '0', '0', '0', '0', '8', '0', '0', '12807', '-6911', '41', '2', 'Teleporter script'),
('300000', '0', '99', '0', '62', '0', '100', '0', '30006', '1', '0', '0', '62', '530', '0', '0', '0', '0', '0', '0', '8', '0', '0', '-4193', '-12577', '37', '2', 'Teleporter script'),
('300000', '0', '100', '0', '62', '0', '100', '0', '30006', '2', '0', '0', '62', '1', '0', '0', '0', '0', '0', '0', '8', '0', '0', '9889', '916', '1307', '2', 'Teleporter script'),
('300000', '0', '101', '0', '62', '0', '100', '0', '30006', '3', '0', '0', '62', '1', '0', '0', '0', '0', '0', '0', '8', '0', '0', '229', '-4742', '10', '0', 'Teleporter script'),
('300000', '0', '102', '0', '62', '0', '100', '0', '30006', '4', '0', '0', '62', '1', '0', '0', '0', '0', '0', '0', '8', '0', '0', '-2474', '-501', '-9', '1', 'Teleporter script'),
('300000', '0', '103', '0', '62', '0', '100', '0', '30006', '5', '0', '0', '62', '530', '0', '0', '0', '0', '0', '0', '8', '0', '0', '-2096', '-11841', '51', '6', 'Teleporter script'),
('300000', '0', '104', '0', '62', '0', '100', '0', '30006', '6', '0', '0', '62', '1', '0', '0', '0', '0', '0', '0', '8', '0', '0', '6463', '684', '9', '4', 'Teleporter script'),
('300000', '0', '105', '0', '62', '0', '100', '0', '30006', '7', '0', '0', '62', '1', '0', '0', '0', '0', '0', '0', '8', '0', '0', '-576', '-2652', '96', '0', 'Teleporter script'),
('300000', '0', '106', '0', '62', '0', '100', '0', '30006', '8', '0', '0', '62', '1', '0', '0', '0', '0', '0', '0', '8', '0', '0', '1575', '1032', '137', '4', 'Teleporter script'),
('300000', '0', '107', '0', '62', '0', '100', '0', '30006', '9', '0', '0', '62', '1', '0', '0', '0', '0', '0', '0', '8', '0', '0', '1920', '-2170', '95', '6', 'Teleporter script'),
('300000', '0', '108', '0', '62', '0', '100', '0', '30006', '10', '0', '0', '62', '1', '0', '0', '0', '0', '0', '0', '8', '0', '0', '-5376', '-2509', '-40', '2', 'Teleporter script'),
('300000', '0', '109', '0', '62', '0', '100', '0', '30006', '11', '0', '0', '62', '1', '0', '0', '0', '0', '0', '0', '8', '0', '0', '-656', '1510', '88', '3', 'Teleporter script'),
('300000', '0', '110', '0', '62', '0', '100', '0', '30006', '12', '0', '0', '62', '1', '0', '0', '0', '0', '0', '0', '8', '0', '0', '-3350', '-3065', '33', '5', 'Teleporter script'),
('300000', '0', '111', '0', '62', '0', '100', '0', '30006', '13', '0', '0', '62', '1', '0', '0', '0', '0', '0', '0', '8', '0', '0', '-4808', '1041', '104', '3', 'Teleporter script'),
('300000', '0', '112', '0', '62', '0', '100', '0', '30006', '14', '0', '0', '62', '1', '0', '0', '0', '0', '0', '0', '8', '0', '0', '-6941', '-3726', '49', '3', 'Teleporter script'),
('300000', '0', '113', '0', '62', '0', '100', '0', '30006', '15', '0', '0', '62', '1', '0', '0', '0', '0', '0', '0', '8', '0', '0', '3117', '-4388', '92', '5', 'Teleporter script'),
('300000', '0', '114', '0', '62', '0', '100', '0', '30006', '16', '0', '0', '62', '1', '0', '0', '0', '0', '0', '0', '8', '0', '0', '3899', '-1283', '221', '6', 'Teleporter script'),
('300000', '0', '115', '0', '62', '0', '100', '0', '30006', '17', '0', '0', '62', '1', '0', '0', '0', '0', '0', '0', '8', '0', '0', '-6292', '-1159', '-258', '0', 'Teleporter script'),
('300000', '0', '116', '0', '62', '0', '100', '0', '30006', '18', '0', '0', '62', '1', '0', '0', '0', '0', '0', '0', '8', '0', '0', '-6815', '730', '41', '2', 'Teleporter script'),
('300000', '0', '117', '0', '62', '0', '100', '0', '30006', '19', '0', '0', '62', '1', '0', '0', '0', '0', '0', '0', '8', '0', '0', '6659', '-4553', '718', '5', 'Teleporter script'),
('300000', '0', '118', '0', '62', '0', '100', '0', '30007', '1', '0', '0', '62', '530', '0', '0', '0', '0', '0', '0', '8', '0', '0', '-207', '2036', '96', '2', 'Teleporter script'),
('300000', '0', '119', '0', '62', '0', '100', '0', '30007', '2', '0', '0', '62', '530', '0', '0', '0', '0', '0', '0', '8', '0', '0', '-220', '5379', '23', '2', 'Teleporter script'),
('300000', '0', '120', '0', '62', '0', '100', '0', '30007', '3', '0', '0', '62', '530', '0', '0', '0', '0', '0', '0', '8', '0', '0', '-2266', '4245', '1', '4', 'Teleporter script'),
('300000', '0', '121', '0', '62', '0', '100', '0', '30007', '4', '0', '0', '62', '530', '0', '0', '0', '0', '0', '0', '8', '0', '0', '-1611', '7734', '-17', '1', 'Teleporter script'),
('300000', '0', '122', '0', '62', '0', '100', '0', '30007', '5', '0', '0', '62', '530', '0', '0', '0', '0', '0', '0', '8', '0', '0', '2030', '6232', '133', '1', 'Teleporter script'),
('300000', '0', '123', '0', '62', '0', '100', '0', '30007', '6', '0', '0', '62', '530', '0', '0', '0', '0', '0', '0', '8', '0', '0', '3271', '3812', '143', '3', 'Teleporter script'),
('300000', '0', '124', '0', '62', '0', '100', '0', '30007', '7', '0', '0', '62', '530', '0', '0', '0', '0', '0', '0', '8', '0', '0', '-3681', '2351', '77', '4', 'Teleporter script'),
('300000', '0', '125', '0', '62', '0', '100', '0', '30008', '1', '0', '0', '62', '571', '0', '0', '0', '0', '0', '0', '8', '0', '0', '2954', '5379', '60', '3', 'Teleporter script'),
('300000', '0', '126', '0', '62', '0', '100', '0', '30008', '2', '0', '0', '62', '571', '0', '0', '0', '0', '0', '0', '8', '0', '0', '683', '-3978', '230', '2', 'Teleporter script'),
('300000', '0', '127', '0', '62', '0', '100', '0', '30008', '3', '0', '0', '62', '571', '0', '0', '0', '0', '0', '0', '8', '0', '0', '2678', '892', '4', '0', 'Teleporter script'),
('300000', '0', '128', '0', '62', '0', '100', '0', '30008', '4', '0', '0', '62', '571', '0', '0', '0', '0', '0', '0', '8', '0', '0', '4017', '-3404', '290', '5', 'Teleporter script'),
('300000', '0', '129', '0', '62', '0', '100', '0', '30008', '5', '0', '0', '62', '571', '0', '0', '0', '0', '0', '0', '8', '0', '0', '5560', '-3212', '372', '6', 'Teleporter script'),
('300000', '0', '130', '0', '62', '0', '100', '0', '30008', '6', '0', '0', '62', '571', '0', '0', '0', '0', '0', '0', '8', '0', '0', '5615', '5819', '-70', '4', 'Teleporter script'),
('300000', '0', '131', '0', '62', '0', '100', '0', '30008', '7', '0', '0', '62', '571', '0', '0', '0', '0', '0', '0', '8', '0', '0', '5411', '-966', '167', '2', 'Teleporter script'),
('300000', '0', '133', '0', '62', '0', '100', '0', '30008', '8', '0', '0', '62', '571', '0', '0', '0', '0', '0', '0', '8', '0', '0', '6120', '-1014', '408', '5', 'Teleporter script'),
('300000', '0', '134', '0', '62', '0', '100', '0', '30008', '9', '0', '0', '62', '571', '0', '0', '0', '0', '0', '0', '8', '0', '0', '8323', '2764', '655', '3', 'Teleporter script'),
('300000', '0', '135', '0', '62', '0', '100', '0', '30008', '10', '0', '0', '62', '571', '0', '0', '0', '0', '0', '0', '8', '0', '0', '4522', '2828', '390', '0', 'Teleporter script');

# TeleNPC spawns

SET @TELENPC := 300000; -- # Must be the same NPC ID!
DELETE FROM creature WHERE ID = @TELENPC ;
ALTER TABLE creature AUTO_INCREMENT=200000;
INSERT INTO creature (id,map,spawnMask,phaseMask,modelid,position_x,position_y,position_z,orientation,spawntimesecs,spawndist,curhealth,curmana) 
VALUES (@TELENPC,0,1,1,0,-13180.5,342.503,43.1936,4.32977,25,0,13700,6540),
(@TELENPC,530,1,1,22951,-3862.69,-11645.8,-137.629,2.38273,25,0,13700,6540),
(@TELENPC,0,1,1,22951,-4918.48,-985.03,501.451,2.03055,25,0,13700,6540),
(@TELENPC,0,1,1,22951,-8845.09,624.828,94.2999,0.44062,25,0,13700,6540),
(@TELENPC,1,1,1,0,1599.25,-4375.85,10.0872,5.23641,25,0,13700,6540),
(@TELENPC,1,1,1,0,-1277.65,72.9751,128.742,5.95567,25,0,13700,6540),
(@TELENPC,0,1,1,0,1637.21,240.132,-43.1034,3.13147,25,0,13700,6540),
(@TELENPC,530,1,1,0,9741.67,-7454.19,13.5572,3.14231,25,0,13700,6540),
(@TELENPC,571,1,1,0,5807.06,506.244,657.576,5.54461,25,0,13700,6540),
(@TELENPC,1,1,1,22951,9866.83,2494.66,1315.88,5.9462,25,0,13700,6540),
(@TELENPC,0,1,1,0,-14279.8,555.014,8.90011,3.97606,25,0,13700,6540),
(@TELENPC,530,1,1,0,-1888.65,5355.88,-12.4279,1.25883,25,0,13700,6540);

# If you want the npc to *cast* the spell, use these as values: VALUES (@TELENPC,0,0,0,0,0,'30540 0');

DELETE FROM creature_template_addon WHERE Entry = @TELENPC ;
INSERT INTO creature_template_addon (entry,mount,bytes1,bytes2,emote,path_id,auras) 
VALUES (@TELENPC,0,0,0,0,0,'35766 0');
